Roll,Seat
211163,ESCPC101
221354,ESCPC102
221273,ESCPC103
221454,ESCPC104
221322,ESCPC105
211051,ESCPC106
221433,ESCPC107
210887,ESCPC108
221396,ESCPC109
221423,ESCPC110
221332,ESCPC111
221252,ESCPC112
210194,ESCPC113
221440,ESCPC114
221456,ESCPC115
210353,ESCPC116
210462,ESCPC117
221453,ESCPC118
221373,ESCPC119
210288,ESCPC120
221312,ESCPC121
210103,ESCPC122
210954,ESCPC123
221437,ESCPC124
221329,ESCPC125
210544,ESCPC126
221416,ESCPC127
221281,ESCPC128
221327,ESCPC129
221277,ESCPC130
210872,ESCPC131
221428,ESCPC132
221422,ESCPC133
221409,ESCPC134
221346,ESCPC135
221258,ESCPC136
210690,ESCPC137
221311,ESCPC138
221355,ESCPC139
221376,ESCPC140
221466,ESCPC141
221447,ESCPC142
221400,ESCPC143
221384,ESCPC144
221267,ESCPC145
221361,ESCPC146
221465,ESCPC147
210684,ESCPC148
210302,ESCPC149
221462,ESCPC150
221282,ESCPC151
211142,ESCPC152
210922,ESCPC153
210554,ESCPC154
221392,ESCPC155
221390,ESCPC156
221308,ESCPC157
221417,ESCPC158
221259,ESCPC159
221256,ESCPC160
221255,ESCPC161
211146,ESCPC162
221375,ESCPC163
221385,ESCPC164
221408,ESCPC165
221406,ESCPC166
210572,ESCPC167
221429,ESCPC168
210547,ESCPC169
221372,ESCPC170
221418,ESCPC171
211097,ESCPC172
221366,ESCPC173
221299,ESCPC174
210583,ESCPC175
211013,ESCPC176
210390,ESCPC177
210695,ESCPC178
221271,ESCPC179
210344,ESCPC180
221348,ESCPC181
221352,ESCPC182
221439,ESCPC183
221306,ESCPC184
210188,ESCPC185
221302,ESCPC186
221387,ESCPC187